<?xml version="1.0" encoding="utf-8"?>
<extension type="component" version="2.5" method="upgrade">
    <name>com_list_of_students</name>
    <creationDate>2013-11-22</creationDate>
    <copyright>© 2013. Все права защищены.</copyright>
    <license>GNU General Public License версии 2 или более поздней; Смотрите LICENSE.txt</license>
    <author>Yuri</author>
    <authorEmail>y-palii@mail.ru</authorEmail>
    <authorUrl>http://</authorUrl>
    <version>1.0.0</version>
    <description>List of students</description>
    
    <install> <!-- Runs on install -->
        <sql>
            <file driver="mysql" charset="utf8">sql/install.mysql.utf8.sql</file>
        </sql>
    </install>
    <uninstall> <!-- Runs on uninstall -->
        <sql>
            <file driver="mysql" charset="utf8">sql/uninstall.mysql.utf8.sql</file>
        </sql>
    </uninstall>

    <files folder="site">
        <filename>index.html</filename>
        <filename>list_of_students.php</filename>
        <filename>controller.php</filename>
        <filename>router.php</filename>
        <folder>views</folder>
        <folder>models</folder>
        <folder>controllers</folder>
        <folder>helpers</folder>
    </files>
    <languages folder="site">
        
			<language tag="en-GB">language/en-GB.com_list_of_students.ini</language>
			<language tag="ru-RU">language/ru-RU.com_list_of_students.ini</language>
			<language tag="uk-UA">language/uk-UA.com_list_of_students.ini</language>
    </languages>
    <administration>
        <menu img="components/com_list_of_students/assets/images/s_com_list_of_students.png" >COM_LIST_OF_STUDENTS</menu>
        <submenu>
            
			<menu link="option=com_list_of_students&amp;view=ofstudentss" view="ofstudentss" img="components/com_list_of_students/assets/images/s_ofstudentss.png" alt="List_of_students/Ofstudentss">COM_LIST_OF_STUDENTS_TITLE_OFSTUDENTSS</menu>

        </submenu>
        <files folder="administrator">
            <filename>access.xml</filename>
            <filename>config.xml</filename>
            <filename>controller.php</filename>
            <filename>index.html</filename>
            <filename>list_of_students.php</filename>
            <folder>controllers</folder>
            <folder>assets</folder>
            <folder>helpers</folder>
            <folder>models</folder>
            <folder>sql</folder>
            <folder>tables</folder>
            <folder>views</folder>
        </files>
        <languages folder="administrator">
            
			<language tag="en-GB">language/en-GB.com_list_of_students.ini</language>
			<language tag="en-GB">language/en-GB.com_list_of_students.sys.ini</language>
			<language tag="ru-RU">language/ru-RU.com_list_of_students.ini</language>
			<language tag="ru-RU">language/ru-RU.com_list_of_students.sys.ini</language>
			<language tag="uk-UA">language/uk-UA.com_list_of_students.ini</language>
			<language tag="uk-UA">language/uk-UA.com_list_of_students.sys.ini</language>
        </languages>

    </administration>
</extension>
<!-- Component built by the Joomla Component Creator -->
<!-- http://www.notwebdesign.com/joomla-component-creator/ -->
